{"cameraMode":{"drawMode":0,"name":"Shaded","section":"Shading Mode"},"sceneLighting":true,"audioPlay":false,"sceneViewState":{"m_AlwaysRefresh":false,"showFog":true,"showSkybox":true,"showFlares":true,"showImageEffects":true,"showParticleSystems":true,"showVisualEffectGraphs":true,"m_FxEnabled":true},"in2DMode":false,"pivot":{"x":11.693290710449219,"y":42.40061569213867,"z":33.05194854736328},"rotation":{"x":0.15146823227405549,"y":0.33434098958969118,"z":0.05453626438975334,"w":-0.9286022186279297},"size":79.33515930175781,"orthographic":false}